SQ_CANDIDATO,NR_ORDEM_BEM_CANDIDATO,CD_TIPO_BEM_CANDIDATO,DS_TIPO_BEM_CANDIDATO,DS_BEM_CANDIDATO,VR_BEM_CANDIDATO,DT_ULT_ATUAL_BEM_CANDIDATO
280002538811,2,41,Caderneta de poupança,POUPANÇA,4000.0,2026-09-18
280002538811,1,21,"Veículo automotor terrestre: caminhão, automóvel, moto, etc.",UNO VIVACE 2016,29000.0,2026-09-18
280002539826,1,74,"Fundos: Ações, Mútuos de Privatização, Invest. Empresas Emergentes, Invest.Participação e Invest. Índice Mercado",FUNDO DE INVESTIMENTO EM AÇÕES,1556006.67,2026-09-18
280002539826,2,32,Quotas ou quinhões de capital,PARTICIPAÇÃO EM SEGURADORA,3666680.0,2026-09-18
280002539826,3,45,"Aplicação de renda fixa (CDB, RDB e outros)",APLICAÇÃO DE RENDA FIXA,3964283.93,2026-09-18
280002539826,4,45,"Aplicação de renda fixa (CDB, RDB e outros)",APLICAÇÃO EM CDB,337400.33,2026-09-18
280002539826,5,61,Depósito bancário em conta corrente no País,CONTA CORRENTE EM COOPERATIVA,14.86,2026-09-18
280002539826,7,12,Casa,IMÓVEL RESIDENCIAL REFORMADO,704864.25,2026-09-18
280002539826,8,32,Quotas ou quinhões de capital,PARTICIPAÇÃO EM EMPRESA IMOBILIÁRIA,47000.0,2026-09-18
280002539826,6,32,Quotas ou quinhões de capital,PARTICIPAÇÃO EM INSTITUIÇÃO FINANCEIRA,16834806.0,2026-09-18
280002539826,11,74,"Fundos: Ações, Mútuos de Privatização, Invest. Empresas Emergentes, Invest.Participação e Invest. Índice Mercado",FUNDO DE INVESTIMENTO MULTIMERCADO,56218194.15,2026-09-18
280002539826,9,41,Caderneta de poupança,POUPANÇA BANCÁRIA,119.02,2026-09-18
280002539826,10,61,Depósito bancário em conta corrente no País,CONTA CORRENTE EM COOPERATIVA,9848.34,2026-09-18
280002539826,12,72,Fundo de Longo Prazo e Fundo de Investimentos em Direitos Creditórios (FIDC),FUNDO DE INVESTIMENTO RENDA FIXA,362.56,2026-09-18
280002539826,14,32,Quotas ou quinhões de capital,QUOTAS EM COOPERATIVA DE CRÉDITO,393000.0,2026-09-18
280002539826,13,32,Quotas ou quinhões de capital,QUOTAS OU QUINHÕES DE CAPITAL,3959.16,2026-09-18
280002539826,15,13,Terreno,TERRENO RECEBIDO EM DOAÇÃO,70000.0,2026-09-18
280002539826,16,32,Quotas ou quinhões de capital,PARTICIPAÇÃO EM HOLDING FAMILIAR,94498898.0,2026-09-18
280002539826,17,45,"Aplicação de renda fixa (CDB, RDB e outros)",FUNDO DE INVESTIMENTO RENDA FIXA,4306.56,2026-09-18
280002539826,18,74,"Fundos: Ações, Mútuos de Privatização, Invest. Empresas Emergentes, Invest.Participação e Invest. Índice Mercado",FUNDO DE INVESTIMENTO EM COTAS,397866.26,2026-09-18
280002540694,1,32,Quotas ou quinhões de capital,QUOTAS DE CAPITAL,100000.0,2026-09-18
280002540694,4,59,Outros créditos e poupança vinculados,OUTROS CRÉDITOS E POUPANÇA VINCULADOS,300000.0,2026-09-18
280002540694,2,24,Bem relacionado com o exercício da atividade autônoma,BEM RELACIONADO COM O EXERCÍCIO DA ATIVIDADE AUTÔNOMA,275329.0,2026-09-18
280002540694,3,39,Outras participações societárias,QUOTAS DE SOCIEDADE,119760.0,2026-09-18
280002541457,1,11,Apartamento,"de 45 metros quadrados, 2 dormitórios, 1 Banheiro, 1 banheiro social, sala de estar/jantar conjugada, cozinha funcional e área de serviço integrada",170000.0,2026-09-18
280002542548,1,13,Terreno,"64,08% DE TERRENO LOCALIZADO NO DISTRITO DO RIACHO GRANDE, SÃO BERNARDO DO CAMPO",265000.0,2026-09-15
280002542548,2,32,Quotas ou quinhões de capital,"98% DO CAPITAL SOCIAL DA L.I.L.S PALESTRAS, EVENTOS E PUBLICAÇÕES",49000.0,2026-09-15
280002542548,3,71,Fundo de Curto Prazo,FUNDO DI PLUS AGIL,132834.2,2026-09-15
280002542548,6,41,Caderneta de poupança,CADERNETA DE POUPANÇA,0.13,2026-09-15
280002542548,4,99,OUTROS BENS E DIREITOS,"CREDITO DECORRENTE DO DISTRATO DATADO  EM 11/2015., COM SOLICITACAO DE RESGATE,  DA QUOTA PARTE DO TERMO DE ADESAO E COMPROMISSO DE PARTICIPACAO PARA  IMPLANTACAO E CONSTRUCAO ATRAVES DA BANCOOP",179298.96,2026-09-15
280002542548,5,97,VGBL - Vida Gerador de Benefício Livre,BANCO BRADESCO,1380000.0,2026-09-15
280002542548,7,11,Apartamento,50% DO APARTAMENTO LOCALIZADO EM SÃO BERNARDO DO CAMPO,94571.25,2026-09-15
280002542548,8,13,Terreno,"26,68% DE SÍTIO  NO DISTRITO DE RIACHO GRANDE, SÃO BERNARDO DO CAMPO",130000.0,2026-09-15
280002542548,9,49,Outras aplicações e Investimentos,APLICAÇÃO FINANCEIRA - BANCO DO BRASIL,485.39,2026-09-15
280002542548,11,41,Caderneta de poupança,SALDO EM CADERNETA DE POUPANÇA,14.99,2026-09-15
280002542548,12,45,"Aplicação de renda fixa (CDB, RDB e outros)",BRADESCO FUNDO DE INVESTIMENTO EM COTAS DE FUNDOS DE INVESTIMENTO RENDA FIXA SIMPLES,6277.62,2026-09-15
280002542548,10,73,Fundo de Investimento Imobiliário,TVRI11,50000.0,2026-09-15
280002542548,15,13,Terreno,SITUADO NO DISTRITO DE RIACHO GRANDE EM SÃO BERNARDO DO CAMPO,2733.45,2026-09-15
280002542548,13,16,Construção,CASA EM CONSTRUÇÃO SÃO BERNARDO DO CAMPO,246918.82,2026-09-15
280002542548,14,21,"Veículo automotor terrestre: caminhão, automóvel, moto, etc.","MARCA CHEVROLET, ANO 2010/2011",50000.0,2026-09-15
280002542548,16,61,Depósito bancário em conta corrente no País,BRADESCO,56671.07,2026-09-15
280002542548,17,45,"Aplicação de renda fixa (CDB, RDB e outros)",BB RF LP HIGH,207917.4,2026-09-15
280002542548,18,97,VGBL - Vida Gerador de Benefício Livre,BRASILPREV SEGUROS,1923927.36,2026-09-15
280002548139,1,99,OUTROS BENS E DIREITOS,BENS IMÓVEIS: POSSE E DIREITOS SOBRE DIVERSOS IMÓVEIS FINANCIADOS JUNTO A INSTITUIÇÕES FINANCEIRAS. ¿ PARTICIPAÇÕES SOCIETÁRIAS: PARTICIPAÇÃO NO CAPITAL SOCIAL DE DIVERSAS SOCIEDADES EMPRESARIAIS.,50000000.0,2026-09-18
280002551544,1,12,Casa,"CASA, LAGO SUL, BRASÍLIA",6226043.8,2026-09-18
280002551544,2,39,Outras participações societárias,QUOTA E QUINHÃO DE CAPITAL,46000.0,2026-09-18
280002551544,3,79,Outros fundos,FUNDO DE INVESTIMENTO EM COTAS MULTIMERCADO FIFCIC RL,1090520.47,2026-09-18
280002551544,4,45,"Aplicação de renda fixa (CDB, RDB e outros)",APLICAÇÃO EM CDB - BANCO DO BRASIL,8266.1,2026-09-18
280002551544,5,39,Outras participações societárias,QUOTA OU QUINHÃO DE CAPITAL - SOCIEDADE INDIVIDUAL DE ADVOCACIA,10000.0,2026-09-18
280002551544,8,41,Caderneta de poupança,SALDO CONTA POUPANÇA - BANCO ITAU,103746.23,2026-09-18
280002551544,7,39,Outras participações societárias,QUOTA OU QUINHÃO DE CAPITAL,249.0,2026-09-18
280002551544,6,21,"Veículo automotor terrestre: caminhão, automóvel, moto, etc.",VEÍCULO  2014,133000.0,2026-09-18
280002551544,9,61,Depósito bancário em conta corrente no País,BANCOS DIVERSOS,568730.23,2026-09-18
280002551547,1,11,Apartamento,APARTAMENTO,560000.0,2026-09-18
280002551547,2,59,Outros créditos e poupança vinculados,CRÉDITOS EM TRÂNSITO,247299.54,2026-09-18
280002551547,3,19,Outros bens imóveis,FAZENDA PRATA,45128.0,2026-09-18
280002551547,4,19,Outros bens imóveis,FAZENDA LAVARINTO,500060.0,2026-09-18
280002551547,5,2,Prédio comercial,PRÉDIO COMERCIAL,164654.85,2026-09-18
280002551547,7,19,Outros bens imóveis,FAZENDA PERNAMBUCO,180000.0,2026-09-18
280002551547,6,19,Outros bens imóveis,FAZENDA TAMBORIL E SOBRADINHO,1000000.0,2026-09-18
280002551547,10,1,Prédio residencial,PRÉDIO URBANO,6623800.0,2026-09-18
280002551547,9,61,Depósito bancário em conta corrente no País,SALDO EM CONTA,16254.76,2026-09-18
280002551547,8,19,Outros bens imóveis,FAZENDA MARAVILHA/SAGARANA,200000.0,2026-09-18
280002551547,12,11,Apartamento,APARTAMENTO,160809.6,2026-09-18
280002551547,13,13,Terreno,50% DE ÁREA EM CONDOMINIO,2150000.0,2026-09-18
280002551547,11,2,Prédio comercial,PRÉDIO COMERCIAL,3200000.0,2026-09-18
280002551547,14,19,Outros bens imóveis,FAZENDA,342503.28,2026-09-18
280002551547,15,19,Outros bens imóveis,FAZENDA CAMPINA VERDE,104998.0,2026-09-18
280002551547,16,19,Outros bens imóveis,FAZENDA CRUZ DA RETIRADA BONITA,180000.0,2026-09-18
280002551547,19,12,Casa,"18,25% DE IMÓVEL",4388.94,2026-09-18
280002551547,17,99,OUTROS BENS E DIREITOS,EMPRÉSTIMO CONCEDIDO - INTELLIENCE SCHOOL LLC,4125172.3,2026-09-18
280002551547,18,62,Depósito bancário em conta corrente no exterior,SALDO EM CONTA,11500.04,2026-09-18
280002551547,21,31,Ações (inclusive as provenientes de linha telefônica),AÇÕES BBDC3,7090180.0,2026-09-18
280002551547,22,32,Quotas ou quinhões de capital,SÓCIO PARTICIPANTE - FICTOR INVEST LTDA,31500000.0,2026-09-18
280002551547,20,19,Outros bens imóveis,FAZENDA SOBRADINHO/CORUMBÁ,201727.91,2026-09-18
280002551547,24,12,Casa,"18,25% DE IMÓVEL",26597.48,2026-09-18
280002551547,25,29,Outros bens móveis,SÍTIO FIGUEIRA,180000.0,2026-09-18
280002551547,23,19,Outros bens imóveis,FAZENDA SALTO E PONTE,9025.63,2026-09-18
280002551547,27,31,Ações (inclusive as provenientes de linha telefônica),AÇÕES PETR4,799500.0,2026-09-18
280002551547,28,32,Quotas ou quinhões de capital,INSTITUTO ACADEMIA DE INTELIGENCIA LTDA,95000.0,2026-09-18
280002551547,26,19,Outros bens imóveis,FAZENDA SERRA BRANCA,14535.7,2026-09-18
280002551547,29,32,Quotas ou quinhões de capital,FILADÉLFIA NATURE PARTICIPAÇÕES E EMPREENDIMENTOS LTDA,15607925.0,2026-09-18
280002551547,30,32,Quotas ou quinhões de capital,64% DE PARTICIPAÇÃO - INTELLIGENCE SCHOOL LLC,115362.06,2026-09-18
280002551547,31,32,Quotas ou quinhões de capital,CAPITAL SOCIAL - SICOOB,150582.92,2026-09-18
280002551547,32,41,Caderneta de poupança,BRADESCO,9757.42,2026-09-18
280002551547,33,45,"Aplicação de renda fixa (CDB, RDB e outros)",SALDO CDB,223970.64,2026-09-18
280002551547,34,71,Fundo de Curto Prazo,FUNDO BB GESTÃO DE RECURSOS,2558575.5,2026-09-18
280002551547,36,52,Crédito decorrente de alienação,DE QUOTAS - FACULDADE METROPOLITANA,2950000.0,2026-09-18
280002551547,37,19,Outros bens imóveis,FAZENDA PERNAMBUCO,1000000.0,2026-09-18
280002551547,35,19,Outros bens imóveis,ESTÂNCIA ECOLÓGICA EM COLINA/SP,520750.0,2026-09-18
280002551547,38,32,Quotas ou quinhões de capital,COTAS DE CAPITAL - FLORIDA INVESTIMENTOS PARTICIPAÇÕES LTDA,4739990.0,2026-09-18
280002551547,39,62,Depósito bancário em conta corrente no exterior,SALDO EM CONTA,40267.95,2026-09-18
280002551547,40,61,Depósito bancário em conta corrente no País,SALDO EM CONTA,1518.0,2026-09-18
280002551547,41,72,Fundo de Longo Prazo e Fundo de Investimentos em Direitos Creditórios (FIDC),NAVI ENERGIAS SUSTENTÁVEIS II FIP INFRAESTRUTURA,2733124.44,2026-09-18
280002551547,43,99,OUTROS BENS E DIREITOS,EMPRÉSTIMO MUTUO - FILADÉLFIA NATURE PARTICIPAÇÕES,121190451.65,2026-09-18
280002551547,42,19,Outros bens imóveis,FAZENDA SANTOS REIS,1325721.0,2026-09-18
280002551547,46,31,Ações (inclusive as provenientes de linha telefônica),ATIVOS NEGOCIADOS BDR,25827960.0,2026-09-18
280002551547,45,13,Terreno,40% ÁREA EM FAZENDA,603288.0,2026-09-18
280002551547,44,19,Outros bens imóveis,FAZENDA,36102.52,2026-09-18
280002551547,47,32,Quotas ou quinhões de capital,80% DE PARTICIPAÇÃO - LOVE STORY JOSEFINA LLC,2570476.79,2026-09-18
280002551547,48,59,Outros créditos e poupança vinculados,BANCO 001,241.01,2026-09-18
280002551547,49,61,Depósito bancário em conta corrente no País,SALDO EM CONTA,1361.47,2026-09-18
280002551547,50,19,Outros bens imóveis,FAZENDA SERRA BRANCA,110000.0,2026-09-18
280002551547,51,19,Outros bens imóveis,FAZENDA SOBRADINHO,176854.5,2026-09-18
280002551547,52,19,Outros bens imóveis,"18,25% DE IMÓVEL",46775.35,2026-09-18
280002551547,53,32,Quotas ou quinhões de capital,QUOTAS DE CAPITAL - ACADEMIA DE GESTÃO DA EMOÇÃO LTDA,244.0,2026-09-18
280002551547,54,32,Quotas ou quinhões de capital,CAPITAL SOCIAL - COOPERATIVA DE CRÉDITO DE PROD. RURAIS DO TRIÂNGULO MINEIRO,941.3,2026-09-18
280002551547,55,61,Depósito bancário em conta corrente no País,BANCO 001,3918.95,2026-09-18
280002551547,56,61,Depósito bancário em conta corrente no País,SALDO EM CONTA,1866.02,2026-09-18
280002551547,57,39,Outras participações societárias,"50% DAS COTAS DE PARTICIPAÇÃO SOCIETÁRIA NA EMPRESA FREE MIND PUBLISH KKC, SITUADA NOS ESTADOS UNIDOS",268524.91,2026-09-18
280002551547,58,39,Outras participações societárias,"5% DE PARTICIPAÇÃO SOCIETÁRIA NA EMPRESA CURY ACADEMIA COMPORTAMENTAL LLC, SITUADA NOS ESTADOS UNIDOS",37710.4,2026-09-18
280002551932,1,31,Ações (inclusive as provenientes de linha telefônica),AÇÕES,133.53,2026-09-18
280002551547,60,99,OUTROS BENS E DIREITOS,CONTEMPLARE INTELIGÊNCIA IMOBILIÁRIA LTDA,500.0,2026-09-18
280002551547,59,39,Outras participações societárias,100% DE PARTICIPAÇÃO NA EMPRESA CONTEMPLARE INVESTMENTS LLC,5114.6,2026-09-18
280002551932,2,15,Sala ou conjunto,SALAS OU CONJUNTOS,35711.94,2026-09-18
280002551932,3,49,Outras aplicações e Investimentos,TÍTULO DE CAPITALIZAÇÃO,3385.99,2026-09-18
280002551932,4,21,"Veículo automotor terrestre: caminhão, automóvel, moto, etc.",VEÍCULO AUTOMOTOR TERRESTRE,7100.0,2026-09-18
280002551932,6,12,Casa,CASA,70000.0,2026-09-18
280002551932,5,32,Quotas ou quinhões de capital,QUOTAS OU QUINHÕES DE CAPITAL,1008634.21,2026-09-18
280002551932,7,19,Outros bens imóveis,IMÓVEIS DO TIPO RURAL,36213674.73,2026-09-18
280002551932,10,13,Terreno,TERRENO,243037.95,2026-09-18
280002551932,8,61,Depósito bancário em conta corrente no País,DEPÓSITOS À VISTA / NUMERÁRIO,44881.89,2026-09-18
280002551932,9,19,Outros bens imóveis,OUTROS BENS IMÓVEIS,4640.34,2026-09-18
280002551932,11,79,Outros fundos,FUNDOS DE INVESTIMENTO,16.71,2026-09-18
280002551932,13,49,Outras aplicações e Investimentos,TÍTULOS ISENTOS DE TRIBUTAÇÃO (LIG/LCI/LCA/CRI/CRA),4288620.51,2026-09-18
280002551932,12,39,Outras participações societárias,OUTRAS PARTICIPAÇÕES SOCIETÁRIAS,148613.18,2026-09-18
280002551932,14,99,OUTROS BENS E DIREITOS,SEMOVENTES (REBANHO) - VALOR TOTAL DE MERCADO - ESTIMADO,10489480.0,2026-09-18
280002551975,1,45,"Aplicação de renda fixa (CDB, RDB e outros)",VALOR APLICADO,232.61,2026-09-18
280002551975,3,11,Apartamento,50% DO APARTAMENTO,350000.0,2026-09-18
280002551975,2,41,Caderneta de poupança,VALOR APLICADO,51403.07,2026-09-18
280002551975,4,97,VGBL - Vida Gerador de Benefício Livre,VALOR,52850.0,2026-09-18
280002552484,1,11,Apartamento,EDIFÍCIO,261759.38,2026-09-18
280002552484,2,13,Terreno,TERRENO FRAÇÃO,5000.0,2026-09-18
280002552484,5,12,Casa,CONDOMINIO,979500.0,2026-09-18
280002552484,4,61,Depósito bancário em conta corrente no País,SALDO BRADESCO,151.7,2026-09-18
280002552484,3,21,"Veículo automotor terrestre: caminhão, automóvel, moto, etc.",LAND ROVER DISCOVERY SPORT,376006.08,2026-09-18
280002552484,6,12,Casa,RESIDENCIAL SFH CEF,90933.51,2026-09-18
280002552484,7,12,Casa,RESIDENCIAL FINACIADA BRADESCO,107409.5,2026-09-18
