ANO_ELEICAO,DT_ELEICAO,SQ_CANDIDATO,NR_CANDIDATO,NM_CANDIDATO,NM_URNA_CANDIDATO,TP_AGREMIACAO,NR_PARTIDO,SG_PARTIDO,NM_PARTIDO,NM_FEDERACAO,SG_FEDERACAO,NM_COLIGACAO,DS_COMPOSICAO_COLIGACAO,SG_UF_NASCIMENTO,DT_NASCIMENTO,DS_GENERO,DS_GRAU_INSTRUCAO,DS_ESTADO_CIVIL,DS_COR_RACA,DS_OCUPACAO,NR_IDADE_DATA_POSSE,VR_DESPESA_MAX_CAMPANHA,ST_REELEICAO,ST_DECLARAR_BENS,DS_SITUACAO_CANDIDATO_TOT,ST_CANDIDATO_INSERIDO_URNA,ST_SUBSTITUIDO,SQ_SUBSTITUIDO,DT_ACEITE_CANDIDATURA,DS_SITUACAO_JULGAMENTO,DS_SITUACAO_JULGAMENTO_PLEITO,ST_ELEGIVEL_ANALISE,QT_BENS,VL_TOTAL_BENS,VL_MEDIO_BENS,VL_MEDIANO_BENS,VL_MAIOR_BEM,PC_MAIOR_BEM
2026,2026-10-04,280002548139,35,WILSON GRASSI JUNIOR,VETERINÁRIO WILSON GRASSI,PARTIDO ISOLADO,35,DEMOCRATA,DEMOCRATA,,,PARTIDO ISOLADO,DEMOCRATA,SP,1970-03-13,MASCULINO,SUPERIOR COMPLETO,DIVORCIADO(A),BRANCA,VETERINÁRIO,56,88944030.8,,S,DEFERIDO,SIM,N,-1,2026-08-11 17:56:53,DEFERIDO,DEFERIDO,True,1,50000000.0,50000000.0,50000000.0,50000000.0,1.0
2026,2026-10-04,280002551547,70,AUGUSTO JORGE CURY,ESCRITOR AUGUSTO CURY,COLIGAÇÃO,70,AVANTE,AVANTE,,,BRASIL DOS NOSSOS SONHOS,AGIR / AVANTE,SP,1958-10-02,MASCULINO,SUPERIOR COMPLETO,CASADO(A),BRANCA,ESCRITOR E CRÍTICO,68,88944030.8,,S,DEFERIDO,SIM,N,-1,2026-08-13 20:57:52,DEFERIDO,DEFERIDO,True,60,242593012.43,4043216.8738333336,180000.0,121190451.65,0.4995628292672667
2026,2026-10-04,280002538811,80,SAMARA MARTINS DA SILVA FEITOSA,SAMARA,PARTIDO ISOLADO,80,UP,UNIDADE POPULAR,,,PARTIDO ISOLADO,UP,MG,1987-08-31,FEMININO,SUPERIOR COMPLETO,CASADO(A),PRETA,ODONTÓLOGO,39,88944030.8,,S,DEFERIDO,SIM,N,-1,2026-08-06 13:50:28,DEFERIDO,DEFERIDO,True,2,33000.0,16500.0,16500.0,29000.0,0.8787878787878788
2026,2026-10-04,280002551544,22,FLAVIO NANTES BOLSONARO,FLAVIO BOLSONARO,PARTIDO ISOLADO,22,PL,PARTIDO LIBERAL,,,PARTIDO ISOLADO,PL,RJ,1981-04-30,MASCULINO,SUPERIOR COMPLETO,CASADO(A),BRANCA,SENADOR,45,88944030.8,,S,DEFERIDO,SIM,N,-1,2026-08-13 20:57:19,DEFERIDO,DEFERIDO,True,9,8186555.83,909617.3144444445,103746.23,6226043.8,0.7605205326010707
2026,2026-10-04,280002551932,55,RONALDO RAMOS CAIADO,RONALDO CAIADO,PARTIDO ISOLADO,55,PSD,PARTIDO SOCIAL DEMOCRÁTICO,,,PARTIDO ISOLADO,PSD,GO,1949-09-25,MASCULINO,SUPERIOR COMPLETO,CASADO(A),BRANCA,MÉDICO,77,88944030.8,,S,DEFERIDO,SIM,N,-1,2026-08-14 14:12:35,DEFERIDO,DEFERIDO,True,14,52557930.98,3754137.927142857,57440.945,36213674.73,0.6890239789648583
2026,2026-10-04,280002552484,27,CLARIANA ZACARKIM BARAO,CLARIANA BARAO,PARTIDO ISOLADO,27,DC,DEMOCRACIA CRISTÃ,,,PARTIDO ISOLADO,DC,MT,1987-04-03,FEMININO,SUPERIOR COMPLETO,SOLTEIRO(A),BRANCA,ADVOGADO,39,88944030.8,,S,DEFERIDO,SIM,N,-1,2026-08-15 08:52:50,DEFERIDO,DEFERIDO,True,7,1820760.17,260108.5957142857,107409.5,979500.0,0.5379621194152111
2026,2026-10-04,280002542548,13,LUIZ INÁCIO LULA DA SILVA,LULA,COLIGAÇÃO,13,PT,PARTIDO DOS TRABALHADORES,FEDERAÇÃO BRASIL DA ESPERANÇA - FE BRASIL,13-PT/65-PC do B/43-PV,BRASIL PRONTO PRA MAIS,PSB / PDT / FEDERAÇÃO BRASIL DA ESPERANÇA - FE BRASIL (13-PT / 65-PC do B / 43-PV) / FEDERAÇÃO PSOL REDE (50-PSOL / 18-REDE),PE,1945-10-06,MASCULINO,ENSINO FUNDAMENTAL COMPLETO,CASADO(A),BRANCA,TORNEIRO MECÂNICO,81,88944030.8,,S,DEFERIDO,SIM,N,-1,2026-08-08 11:39:10,DEFERIDO,DEFERIDO,True,18,4775650.640000001,265313.9244444445,75621.16,1923927.36,0.40286183078082105
2026,2026-10-04,280002540694,14,RENAN ANTONIO FERREIRA DOS SANTOS,RENAN SANTOS,PARTIDO ISOLADO,14,MISSÃO,PARTIDO MISSÃO,,,PARTIDO ISOLADO,MISSÃO,SP,1984-02-14,MASCULINO,SUPERIOR INCOMPLETO,SOLTEIRO(A),BRANCA,EMPRESÁRIO,42,88944030.8,,S,DEFERIDO,SIM,N,-1,2026-08-07 13:50:29,DEFERIDO,DEFERIDO,True,4,795089.0,198772.25,197544.5,300000.0,0.37731625013048853
2026,2026-10-04,280002552487,29,RUI COSTA PIMENTA,RUI COSTA PIMENTA,PARTIDO ISOLADO,29,PCO,PARTIDO DA CAUSA OPERÁRIA,,,PARTIDO ISOLADO,PCO,SP,1957-06-25,MASCULINO,SUPERIOR COMPLETO,CASADO(A),BRANCA,JORNALISTA E REDATOR,69,88944030.8,,N,DEFERIDO,SIM,N,-1,2026-08-15 08:53:03,DEFERIDO,DEFERIDO,True,0,,,,,
2026,2026-10-04,280002551975,21,EDMILSON SILVA COSTA,EDMILSON COSTA,PARTIDO ISOLADO,21,PCB,PARTIDO COMUNISTA BRASILEIRO,,,PARTIDO ISOLADO,PCB,MA,1950-04-08,MASCULINO,SUPERIOR COMPLETO,SOLTEIRO(A),PARDA,APOSENTADO (EXCETO SERVIDOR PÚBLICO),76,88944030.8,,S,DEFERIDO,SIM,N,-1,2026-08-14 11:47:36,DEFERIDO,DEFERIDO,True,4,454485.68,113621.42,52126.535,350000.0,0.7701012713975939
2026,2026-10-04,280002539826,30,ROMEU ZEMA NETO,ZEMA,PARTIDO ISOLADO,30,NOVO,PARTIDO NOVO,,,PARTIDO ISOLADO,NOVO,MG,1964-10-28,MASCULINO,SUPERIOR COMPLETO,DIVORCIADO(A),BRANCA,EMPRESÁRIO,62,88944030.8,,S,DEFERIDO,SIM,N,-1,2026-08-06 18:16:29,DEFERIDO,DEFERIDO,True,18,178707610.09,9928200.560555555,365200.16500000004,94498898.0,0.5287905643884379
2026,2026-10-04,280002541457,16,HERTZ DA CONCEICAO DIAS,HERTZ DIAS,PARTIDO ISOLADO,16,PSTU,PARTIDO SOCIALISTA  DOS TRABALHADORES UNIFICADO,,,PARTIDO ISOLADO,PSTU,MA,1970-10-20,MASCULINO,SUPERIOR COMPLETO,SOLTEIRO(A),PRETA,PROFESSOR DE ENSINO FUNDAMENTAL,56,88944030.8,,S,DEFERIDO,SIM,N,-1,2026-08-07 16:52:05,DEFERIDO,DEFERIDO,True,1,170000.0,170000.0,170000.0,170000.0,1.0
