ANO_ELEICAO,DT_ELEICAO,SQ_CANDIDATO,NR_CANDIDATO,NM_CANDIDATO,NM_URNA_CANDIDATO,TP_AGREMIACAO,NR_PARTIDO,SG_PARTIDO,NM_PARTIDO,NM_FEDERACAO,SG_FEDERACAO,NM_COLIGACAO,DS_COMPOSICAO_COLIGACAO,SG_UF_NASCIMENTO,DT_NASCIMENTO,DS_GENERO,DS_GRAU_INSTRUCAO,DS_ESTADO_CIVIL,DS_COR_RACA,DS_OCUPACAO,NR_IDADE_DATA_POSSE,VR_DESPESA_MAX_CAMPANHA,ST_REELEICAO,ST_DECLARAR_BENS,DS_SITUACAO_CANDIDATO_TOT,ST_CANDIDATO_INSERIDO_URNA,ST_SUBSTITUIDO,SQ_SUBSTITUIDO,DT_ACEITE_CANDIDATURA,DS_SITUACAO_JULGAMENTO,DS_SITUACAO_JULGAMENTO_PLEITO,ST_ELEGIVEL_ANALISE
2026,2026-10-04,280002548139,35,WILSON GRASSI JUNIOR,VETERINÁRIO WILSON GRASSI,PARTIDO ISOLADO,35,DEMOCRATA,DEMOCRATA,,,PARTIDO ISOLADO,DEMOCRATA,SP,1970-03-13,MASCULINO,SUPERIOR COMPLETO,DIVORCIADO(A),BRANCA,VETERINÁRIO,56,88944030.8,,S,DEFERIDO,SIM,N,-1,2026-08-11 17:56:53,DEFERIDO,DEFERIDO,True
2026,2026-10-04,280002551547,70,AUGUSTO JORGE CURY,ESCRITOR AUGUSTO CURY,COLIGAÇÃO,70,AVANTE,AVANTE,,,BRASIL DOS NOSSOS SONHOS,AGIR / AVANTE,SP,1958-10-02,MASCULINO,SUPERIOR COMPLETO,CASADO(A),BRANCA,ESCRITOR E CRÍTICO,68,88944030.8,,S,DEFERIDO,SIM,N,-1,2026-08-13 20:57:52,DEFERIDO,DEFERIDO,True
2026,2026-10-04,280002538811,80,SAMARA MARTINS DA SILVA FEITOSA,SAMARA,PARTIDO ISOLADO,80,UP,UNIDADE POPULAR,,,PARTIDO ISOLADO,UP,MG,1987-08-31,FEMININO,SUPERIOR COMPLETO,CASADO(A),PRETA,ODONTÓLOGO,39,88944030.8,,S,DEFERIDO,SIM,N,-1,2026-08-06 13:50:28,DEFERIDO,DEFERIDO,True
2026,2026-10-04,280002551544,22,FLAVIO NANTES BOLSONARO,FLAVIO BOLSONARO,PARTIDO ISOLADO,22,PL,PARTIDO LIBERAL,,,PARTIDO ISOLADO,PL,RJ,1981-04-30,MASCULINO,SUPERIOR COMPLETO,CASADO(A),BRANCA,SENADOR,45,88944030.8,,S,DEFERIDO,SIM,N,-1,2026-08-13 20:57:19,DEFERIDO,DEFERIDO,True
2026,2026-10-04,280002551932,55,RONALDO RAMOS CAIADO,RONALDO CAIADO,PARTIDO ISOLADO,55,PSD,PARTIDO SOCIAL DEMOCRÁTICO,,,PARTIDO ISOLADO,PSD,GO,1949-09-25,MASCULINO,SUPERIOR COMPLETO,CASADO(A),BRANCA,MÉDICO,77,88944030.8,,S,DEFERIDO,SIM,N,-1,2026-08-14 14:12:35,DEFERIDO,DEFERIDO,True
2026,2026-10-04,280002552484,27,CLARIANA ZACARKIM BARAO,CLARIANA BARAO,PARTIDO ISOLADO,27,DC,DEMOCRACIA CRISTÃ,,,PARTIDO ISOLADO,DC,MT,1987-04-03,FEMININO,SUPERIOR COMPLETO,SOLTEIRO(A),BRANCA,ADVOGADO,39,88944030.8,,S,DEFERIDO,SIM,N,-1,2026-08-15 08:52:50,DEFERIDO,DEFERIDO,True
2026,2026-10-04,280002554479,28,LEONARDO ALVES DE ARAUJO,LEONARDO AVALANCHE,PARTIDO ISOLADO,28,PRTB,PARTIDO RENOVADOR TRABALHISTA BRASILEIRO,,,PARTIDO ISOLADO,PRTB,GO,1977-10-23,MASCULINO,SUPERIOR INCOMPLETO,CASADO(A),BRANCA,EMPRESÁRIO,49,88944030.8,,S,PENDENTE DE JULGAMENTO,SIM,N,280002553884,2026-09-14 20:20:06,PENDENTE DE JULGAMENTO,PENDENTE DE JULGAMENTO,False
2026,2026-10-04,280002542548,13,LUIZ INÁCIO LULA DA SILVA,LULA,COLIGAÇÃO,13,PT,PARTIDO DOS TRABALHADORES,FEDERAÇÃO BRASIL DA ESPERANÇA - FE BRASIL,13-PT/65-PC do B/43-PV,BRASIL PRONTO PRA MAIS,PSB / PDT / FEDERAÇÃO BRASIL DA ESPERANÇA - FE BRASIL (13-PT / 65-PC do B / 43-PV) / FEDERAÇÃO PSOL REDE (50-PSOL / 18-REDE),PE,1945-10-06,MASCULINO,ENSINO FUNDAMENTAL COMPLETO,CASADO(A),BRANCA,TORNEIRO MECÂNICO,81,88944030.8,,S,DEFERIDO,SIM,N,-1,2026-08-08 11:39:10,DEFERIDO,DEFERIDO,True
2026,2026-10-04,280002540694,14,RENAN ANTONIO FERREIRA DOS SANTOS,RENAN SANTOS,PARTIDO ISOLADO,14,MISSÃO,PARTIDO MISSÃO,,,PARTIDO ISOLADO,MISSÃO,SP,1984-02-14,MASCULINO,SUPERIOR INCOMPLETO,SOLTEIRO(A),BRANCA,EMPRESÁRIO,42,88944030.8,,S,DEFERIDO,SIM,N,-1,2026-08-07 13:50:29,DEFERIDO,DEFERIDO,True
2026,2026-10-04,280002553884,28,PABLO HENRIQUE COSTA MARCAL,PABLO MARÇAL,PARTIDO ISOLADO,28,PRTB,PARTIDO RENOVADOR TRABALHISTA BRASILEIRO,,,PARTIDO ISOLADO,PRTB,GO,1987-04-18,MASCULINO,SUPERIOR COMPLETO,CASADO(A),BRANCA,DIRETOR DE EMPRESAS,39,88944030.8,,S,,NÃO,S,-1,2026-08-15 19:34:06,INDEFERIDO,,False
2026,2026-10-04,280002552487,29,RUI COSTA PIMENTA,RUI COSTA PIMENTA,PARTIDO ISOLADO,29,PCO,PARTIDO DA CAUSA OPERÁRIA,,,PARTIDO ISOLADO,PCO,SP,1957-06-25,MASCULINO,SUPERIOR COMPLETO,CASADO(A),BRANCA,JORNALISTA E REDATOR,69,88944030.8,,N,DEFERIDO,SIM,N,-1,2026-08-15 08:53:03,DEFERIDO,DEFERIDO,True
2026,2026-10-04,280002551975,21,EDMILSON SILVA COSTA,EDMILSON COSTA,PARTIDO ISOLADO,21,PCB,PARTIDO COMUNISTA BRASILEIRO,,,PARTIDO ISOLADO,PCB,MA,1950-04-08,MASCULINO,SUPERIOR COMPLETO,SOLTEIRO(A),PARDA,APOSENTADO (EXCETO SERVIDOR PÚBLICO),76,88944030.8,,S,DEFERIDO,SIM,N,-1,2026-08-14 11:47:36,DEFERIDO,DEFERIDO,True
2026,2026-10-04,280002539826,30,ROMEU ZEMA NETO,ZEMA,PARTIDO ISOLADO,30,NOVO,PARTIDO NOVO,,,PARTIDO ISOLADO,NOVO,MG,1964-10-28,MASCULINO,SUPERIOR COMPLETO,DIVORCIADO(A),BRANCA,EMPRESÁRIO,62,88944030.8,,S,DEFERIDO,SIM,N,-1,2026-08-06 18:16:29,DEFERIDO,DEFERIDO,True
2026,2026-10-04,280002541457,16,HERTZ DA CONCEICAO DIAS,HERTZ DIAS,PARTIDO ISOLADO,16,PSTU,PARTIDO SOCIALISTA  DOS TRABALHADORES UNIFICADO,,,PARTIDO ISOLADO,PSTU,MA,1970-10-20,MASCULINO,SUPERIOR COMPLETO,SOLTEIRO(A),PRETA,PROFESSOR DE ENSINO FUNDAMENTAL,56,88944030.8,,S,DEFERIDO,SIM,N,-1,2026-08-07 16:52:05,DEFERIDO,DEFERIDO,True
