SQ_CANDIDATO,NM_URNA_CANDIDATO,SG_PARTIDO,ARQUIVO_PROPOSTA,ARQUIVO_TEXTO,QT_PAGINAS,QT_CARACTERES,QT_PALAVRAS
280002538811,SAMARA,UP,2026BR280002538811_01.pdf,280002538811.txt,67,229354,34841
280002539826,ZEMA,NOVO,2026BR280002539826_01.pdf,280002539826.txt,81,144083,21740
280002540694,RENAN SANTOS,MISSÃO,2026BR280002540694_01.pdf,280002540694.txt,51,137621,20729
280002541457,HERTZ DIAS,PSTU,2026BR280002541457_01.pdf,280002541457.txt,33,90152,13383
280002542548,LULA,PT,2026BR280002542548_01.pdf,280002542548.txt,84,166453,24137
280002548139,VETERINÁRIO WILSON GRASSI,DEMOCRATA,2026BR280002548139_01.pdf,280002548139.txt,58,111368,17919
280002551544,FLAVIO BOLSONARO,PL,2026BR280002551544_01.pdf,280002551544.txt,76,164623,23350
280002551547,ESCRITOR AUGUSTO CURY,AVANTE,2026BR280002551547_01.pdf,280002551547.txt,200,297002,42256
280002551932,RONALDO CAIADO,PSD,2026BR280002551932_01.pdf,280002551932.txt,100,309633,42830
280002551975,EDMILSON COSTA,PCB,2026BR280002551975_01.pdf,280002551975.txt,16,51717,7669
280002552484,CLARIANA BARAO,DC,2026BR280002552484_01.pdf,280002552484.txt,15,15058,1945
280002552487,RUI COSTA PIMENTA,PCO,2026BR280002552487_01.pdf,280002552487.txt,7,15941,2577
