SQ_CANDIDATO,ARQUIVO_PROPOSTA,NM_URNA_CANDIDATO,SG_PARTIDO,DS_SITUACAO_JULGAMENTO,ST_SUBSTITUIDO,ST_ELEGIVEL_ANALISE
280002538811,2026BR280002538811_01.pdf,SAMARA,UP,DEFERIDO,N,True
280002539826,2026BR280002539826_01.pdf,ZEMA,NOVO,DEFERIDO,N,True
280002540694,2026BR280002540694_01.pdf,RENAN SANTOS,MISSÃO,DEFERIDO,N,True
280002541457,2026BR280002541457_01.pdf,HERTZ DIAS,PSTU,DEFERIDO,N,True
280002542548,2026BR280002542548_01.pdf,LULA,PT,DEFERIDO,N,True
280002548139,2026BR280002548139_01.pdf,VETERINÁRIO WILSON GRASSI,DEMOCRATA,DEFERIDO,N,True
280002551544,2026BR280002551544_01.pdf,FLAVIO BOLSONARO,PL,DEFERIDO,N,True
280002551547,2026BR280002551547_01.pdf,ESCRITOR AUGUSTO CURY,AVANTE,DEFERIDO,N,True
280002551932,2026BR280002551932_01.pdf,RONALDO CAIADO,PSD,DEFERIDO,N,True
280002551975,2026BR280002551975_01.pdf,EDMILSON COSTA,PCB,DEFERIDO,N,True
280002552484,2026BR280002552484_01.pdf,CLARIANA BARAO,DC,DEFERIDO,N,True
280002552487,2026BR280002552487_01.pdf,RUI COSTA PIMENTA,PCO,DEFERIDO,N,True
280002553884,2026BR280002553884_01.pdf,PABLO MARÇAL,PRTB,INDEFERIDO,S,False
280002554479,2026BR280002554479_01.pdf,LEONARDO AVALANCHE,PRTB,PENDENTE DE JULGAMENTO,N,False
